session,trial_index,outcome,setup_duration,search_duration,outbound,poke_latency
NoSoundCue (control),1,success,8.612991999998485,31.87798400000247,40.490976000000956,2.025023999998666
NoSoundCue (control),2,success,6.962976000002527,1.7260160000005271,8.688992000003054,2.0049919999983103
NoSoundCue (control),3,success,6.828000000001339,2.48700800000006,9.315008000001399,2.4150079999999434
NoSoundCue (control),4,success,2.0280000000020664,1.9719999999979336,4.0,1.9425279999995837
NoSoundCue (control),5,success,6.853503999998793,6.981983999998192,13.835487999996985,1.7415040000014415
NoSoundCue (control),6,success,2.0220159999989846,1.7960000000020955,3.81801600000108,0.9224959999992279
NoSoundCue (control),7,success,7.5619839999999385,0.5170240000006743,8.079008000000613,1.6964799999987008
NoSoundCue (control),8,success,2.0324800000016694,3.9860159999989264,6.018496000000596,1.1269759999995586
NoSoundCue (control),9,success,8.764992000000348,3.2140159999980824,11.97900799999843,2.7204799999999523
NoSoundCue (control),10,success,2.0180159999981697,3.268000000000029,5.286015999998199,0.7619840000006661
NoSoundCue (control),11,success,8.037983999998687,2.9670079999996233,11.00499199999831,1.5264960000022256
NoSoundCue (control),12,success,2.0110079999976733,5.420992000003025,7.4320000000006985,1.1470079999999143
NoSoundCue (control),13,success,7.707999999998719,1.257023999998637,8.965023999997356,1.9619840000013937
NoSoundCue (control),14,success,2.0135039999986475,2.997984000001452,5.011488000000099,1.594015999999101
NoSoundCue (control),15,success,8.64147199999934,5.225023999999394,13.866495999998733,2.3634880000026897
NoSoundCue (control),16,success,2.017471999999543,6.527008000000933,8.544480000000476,1.2470079999984591
NoSoundCue (control),17,success,6.086016000001109,0.32400000000052387,6.410016000001633,1.8979839999992691
NoSoundCue (control),18,success,2.0264959999985876,3.431007999999565,5.457503999998153,1.6759999999994761
NoSoundCue (control),19,success,7.67398399999729,7.515999999999622,15.189983999996912,2.770016000002215
NoSoundCue (control),20,success,2.0384960000010324,6.3609920000017155,8.399488000002748,2.8984959999979765
NoSoundCue (control),21,success,8.278015999996569,6.98198400000183,15.2599999999984,1.8400000000001455
NoSoundCue (control),22,success,2.0139840000010736,6.995007999998052,9.008991999999125,7.891007999998692
NoSoundCue (control),23,success,7.848000000001775,3.112991999998485,10.96099200000026,2.6950080000024172
NoSoundCue (control),24,miss,2.0275199999996403,3.382976000000781,5.410496000000421,5.010016000000178
NoSoundCue (control),25,success,2.033024000000296,0.029984000000695232,2.063008000000991,4.071999999996478
NoSoundCue (control),26,success,2.008671999999933,5.464831999997841,7.473503999997774,1.5939840000028198
NoSoundCue (control),27,success,2.0187839999998687,5.597983999999997,7.616767999999865,2.9969920000003185
NoSoundCue (control),28,success,2.0099840000002587,1.8609919999980775,3.870975999998336,1.0615040000011504
NoSoundCue (control),29,success,7.180000000000291,6.669984000000113,13.849984000000404,3.2665280000001076
NoSoundCue (control),30,fail,6.988479999999981,42.502016000002186,49.49049600000217,2.731231999998272
NoSoundCue (control),31,success,7.070496000000276,0.020992000001569977,7.091488000001846,3.211007999998401
NoSoundCue (control),32,success,7.3879999999990105,2.667008000000351,10.055007999999361,3.887008000001515
NoSoundCue (control),33,success,6.549984000001132,2.6180160000003525,9.168000000001484,2.1539839999968535
NoSoundCue (control),34,success,6.694015999997646,0.5659840000007534,7.259999999998399,2.9130240000013146
NoSoundCue (control),35,success,6.389503999998851,0.25497600000016973,6.644479999999021,2.1850240000021586
NoSoundCue (control),36,success,8.867487999999867,2.3670079999974405,11.234495999997307,3.3920000000034634
NoSoundCue (control),37,success,8.562015999999858,27.8569920000009,36.41900800000076,3.0220159999989846
NoSoundCue (control),38,success,6.965984000002209,3.912000000000262,10.87798400000247,3.8855039999980363
NoSoundCue (control),39,miss,8.915007999999943,0.002016000002186047,8.91702400000213,5.0179839999982505
NoSoundCue (control),40,success,8.230975999998918,18.02902400000312,26.260000000002037,4.118975999997929
NoSoundCue (control),41,miss,6.288480000002892,3.3980159999991884,9.68649600000208,5.00499199999831
NoSoundCue (control),42,miss,6.24198400000023,0.027008000000932952,6.2689920000011625,5.011520000000019
NoSoundCue (control),43,success,6.190495999999257,0.020992000001569977,6.211488000000827,2.3540159999975003
NoSoundCue (control),44,success,8.740991999999096,1.7700160000022152,10.511008000001311,3.549983999997494
NoSoundCue (control),45,success,6.216511999999057,4.249984000001859,10.466496000000916,2.2390079999968293
NoSoundCue (control),46,success,8.223487999999634,3.3610239999979967,11.58451199999763,4.300992000000406
NoSoundCue (control),47,success,8.386016000000382,0.028991999999561813,8.415007999999943,2.972992000002705
NoSoundCue (control),48,success,8.378496000001178,0.006975999996939208,8.385471999998117,2.944000000003143
NoSoundCue (control),49,success,7.596991999998863,2.77401600000303,10.371008000001893,4.352991999996448
NoSoundCue (control),50,success,8.28598399999828,3.565024000003177,11.851008000001457,2.8319999999985157
NoSoundCue (control),51,success,8.759487999999692,1.3719999999993888,10.13148799999908,2.4365120000002207
NoSoundCue (control),52,success,8.255008000000089,1.1729919999997946,9.427999999999884,3.085504000002402
NoSoundCue (control),53,miss,8.972000000001572,0.007008000000496395,8.979008000002068,5.014975999998569
NoSoundCue (control),54,miss,7.574495999997453,8.087008000002243,15.661503999999695,5.020000000000437
NoSoundCue (control),55,success,8.913024000001315,0.041983999999501975,8.955008000000817,2.006015999999363
NoSoundCue (control),56,success,7.054495999997016,1.1120000000009895,8.166495999998006,4.174495999999635
NoSoundCue (control),57,success,6.297503999998298,1.0870080000022426,7.384512000000541,3.428991999997379
NoSoundCue (control),58,success,7.59897600000113,2.682015999998839,10.28099199999997,2.144000000000233
NoSoundCue (control),59,success,8.41401599999881,0.03897599999982049,8.45299199999863,3.642016000001604
NoSoundCue (control),60,success,6.32150399999955,5.602016000000731,11.92352000000028,3.1659839999992982
NoSoundCue (control),61,miss,7.493983999996999,9.240992000002734,16.734975999999733,5.015007999998488
NoSoundCue (control),62,success,6.176479999998264,1.8350080000018352,8.0114880000001,4.948992000001454
NoSoundCue (control),63,success,8.403008000001137,0.01599999999962165,8.419008000000758,3.0259839999998803
FloorRotation (scramble),1,success,8.45299199999863,22.808992000002036,31.261984000000666,4.196991999997408
FloorRotation (scramble),2,miss,14.175007999998343,3.690976000001683,17.865984000000026,5.014016000000993
FloorRotation (scramble),3,miss,3.0264960000022256,9.76499199999671,12.791487999998935,5.011008000001311
FloorRotation (scramble),4,fail,6.817984000001161,0.03500799999892479,6.852992000000086,2.1751040000017383
FloorRotation (scramble),5,miss,18.113023999998404,67.45097600000008,85.56399999999849,5.015999999999622
FloorRotation (scramble),6,success,25.533024000000296,5.748992000000726,31.282016000001022,2.2230080000008456
FloorRotation (scramble),7,success,9.2400000000016,5.870975999998336,15.110975999999937,3.3985280000015337
FloorRotation (scramble),8,success,7.791008000000147,13.548991999999998,21.340000000000146,2.523008000000118
FloorRotation (scramble),9,success,10.262016000000585,13.04399999999805,23.306015999998635,2.8335040000019944
FloorRotation (scramble),10,miss,11.620992000000115,5.801024000000325,17.42201600000044,5.002496000000974
FloorRotation (scramble),11,success,6.842975999999908,14.25801599999977,21.10099199999968,4.719008000000031
FloorRotation (scramble),12,success,9.866911999997683,0.050016000001051,9.916927999998734,4.901984000000084
FloorRotation (scramble),13,success,4.4424959999996645,0.04998399999749381,4.492479999997158,2.089504000003217
FloorRotation (scramble),14,success,8.868991999999707,0.4039999999986321,9.27299199999834,2.2169920000014827
FloorRotation (scramble),15,success,8.305984000002354,3.863999999997759,12.169984000000113,1.9420160000008764
FloorRotation (scramble),16,fail,7.221023999998579,8.988000000001193,16.209023999999772,2.5319999999992433
FloorRotation (scramble),17,miss,5.772992000001977,0.004991999998310348,5.777984000000288,5.022496000001411
FloorRotation (scramble),18,miss,7.024992000002385,7.559008000000176,14.584000000002561,5.016992000000755
FloorRotation (scramble),19,success,7.968991999998252,2.979008000002068,10.94800000000032,2.150015999999596
FloorRotation (scramble),20,fail,7.291008000000147,0.05200000000331784,7.343008000003465,4.8775040000000445
FloorRotation (scramble),21,miss,8.692511999997805,13.436000000001513,22.12851199999932,5.004000000000815
FloorRotation (scramble),22,success,4.211007999998401,0.02601600000343751,4.237024000001838,2.256991999998718
FloorRotation (scramble),23,success,5.884991999999329,2.0560000000004948,7.940991999999824,4.020000000000437
FloorRotation (scramble),24,success,8.00150399999984,12.158015999997588,20.15951999999743,3.397983999999269
FloorRotation (scramble),25,success,4.868992000003345,13.850015999996685,18.71900800000003,2.822496000000683
FloorRotation (scramble),26,success,9.028480000000854,3.6980159999984608,12.726495999999315,2.8320000000021537
FloorRotation (scramble),27,miss,7.730687999999645,4.684992000002239,12.415680000001885,5.008991999999125
FloorRotation (scramble),28,miss,6.630496000001585,7.388992000000144,14.01948800000173,5.021504000000277
FloorRotation (scramble),29,miss,7.744991999999911,3.397023999998055,11.142015999997966,5.014976000002207
FloorRotation (scramble),30,success,8.832000000002154,1.165023999998084,9.997024000000238,2.989504000001034
FloorRotation (scramble),31,success,5.978495999999723,2.6019840000008116,8.580480000000534,2.644000000000233
FloorRotation (scramble),32,success,10.056992000001628,7.354016000001138,17.411008000002766,2.9550079999971786
FloorRotation (scramble),33,miss,8.247488000000885,5.57299200000125,13.820480000002135,5.011999999998807
FloorRotation (scramble),34,success,6.372512000001734,4.834975999998278,11.207488000000012,4.161024000000907
FloorRotation (scramble),35,success,7.632512000000133,4.200000000000728,11.832512000000861,4.50348799999847
FloorRotation (scramble),36,miss,6.614496000001964,8.299999999999272,14.914496000001236,5.023008000000118
FloorRotation (scramble),37,miss,8.063999999998487,7.050016000001051,15.114015999999538,5.002975999999762
FloorRotation (scramble),38,success,8.055488000001787,6.879007999999885,14.934496000001673,4.7750079999968875
FloorRotation (scramble),39,success,8.222015999999712,5.500992000001133,13.723008000000846,3.7999999999992724
FloorRotation (scramble),40,success,7.226016000000527,8.288000000000466,15.514016000000993,3.9569919999994454
FloorRotation (scramble),41,miss,7.052000000003318,9.84899199999927,16.90099200000259,5.017024000000674
FloorRotation (scramble),42,success,7.594976000000315,0.8940160000020114,8.488992000002327,4.0030079999996815
FloorRotation (scramble),43,miss,6.572511999998824,3.0739840000023833,9.646496000001207,5.020991999997932
FloorRotation (scramble),44,miss,6.8169920000000275,4.361983999999211,11.178975999999238,5.014015999997355
FloorRotation (scramble),45,miss,10.21600000000035,4.300991999996768,14.516991999997117,5.0179840000018885
FloorRotation (scramble),46,fail,3.0369920000011916,10.155008000001544,13.192000000002736,2.303519999997661
FloorRotation (scramble),47,miss,5.698015999998461,12.892992000000959,18.59100799999942,5.0030079999996815
