USID,mouse,day,session,n_trials,n_trials_parser,n_trials_events,matches
FLR_M01569521__Day 1__2026-03-26T18-47-11,FLR_M01569521,Day 1,2026-03-26T18-47-11,31,31,31,True
FLR_M01569521__Day 10__2026-04-07T16-18-09,FLR_M01569521,Day 10,2026-04-07T16-18-09,136,35,35,True
FLR_M01569521__Day 10__2026-04-07T16-25-44,FLR_M01569521,Day 10,2026-04-07T16-25-44,87,55,55,True
FLR_M01569521__Day 10__2026-04-07T16-38-36,FLR_M01569521,Day 10,2026-04-07T16-38-36,92,33,33,True
FLR_M01569521__Day 10__2026-04-07T16-46-00,FLR_M01569521,Day 10,2026-04-07T16-46-00,92,21,21,True
FLR_M01569521__Day 11__2026-04-08T15-43-23,FLR_M01569521,Day 11,2026-04-08T15-43-23,136,40,40,True
FLR_M01569521__Day 11__2026-04-08T15-54-59,FLR_M01569521,Day 11,2026-04-08T15-54-59,118,12,12,True
FLR_M01569521__Day 11__2026-04-08T15-58-43,FLR_M01569521,Day 11,2026-04-08T15-58-43,118,15,15,True
FLR_M01569521__Day 11__2026-04-08T16-03-03,FLR_M01569521,Day 11,2026-04-08T16-03-03,92,13,13,True
FLR_M01569521__Day 11__2026-04-08T16-07-24,FLR_M01569521,Day 11,2026-04-08T16-07-24,92,26,26,True
FLR_M01569521__Day 11__2026-04-08T16-14-45,FLR_M01569521,Day 11,2026-04-08T16-14-45,65,10,10,True
FLR_M01569521__Day 11__2026-04-08T16-17-38,FLR_M01569521,Day 11,2026-04-08T16-17-38,65,10,10,True
FLR_M01569521__Day 12__2026-04-10T14-29-59,FLR_M01569521,Day 12,2026-04-10T14-29-59,136,36,36,True
FLR_M01569521__Day 12__2026-04-10T14-36-58,FLR_M01569521,Day 12,2026-04-10T14-36-58,118,13,13,True
FLR_M01569521__Day 12__2026-04-10T14-39-01,FLR_M01569521,Day 12,2026-04-10T14-39-01,92,23,23,True
FLR_M01569521__Day 12__2026-04-10T14-43-14,FLR_M01569521,Day 12,2026-04-10T14-43-14,65,24,24,True
FLR_M01569521__Day 12__2026-04-10T14-47-10,FLR_M01569521,Day 12,2026-04-10T14-47-10,65,22,22,True
FLR_M01569521__Day 12__2026-04-10T14-51-28,FLR_M01569521,Day 12,2026-04-10T14-51-28,65,25,25,True
FLR_M01569521__Day 13__2026-04-11T16-31-44,FLR_M01569521,Day 13,2026-04-11T16-31-44,132,42,42,True
FLR_M01569521__Day 13__2026-04-11T16-43-21,FLR_M01569521,Day 13,2026-04-11T16-43-21,92,15,15,True
FLR_M01569521__Day 13__2026-04-11T16-45-45,FLR_M01569521,Day 13,2026-04-11T16-45-45,65,15,15,True
FLR_M01569521__Day 13__2026-04-11T16-48-26,FLR_M01569521,Day 13,2026-04-11T16-48-26,65,33,33,True
FLR_M01569521__Day 14__2026-04-15T152615Z,FLR_M01569521,Day 14,2026-04-15T152615Z,110,30,30,True
FLR_M01569521__Day 14__2026-04-15T152936Z,FLR_M01569521,Day 14,2026-04-15T152936Z,65,22,22,True
FLR_M01569521__Day 14__2026-04-15T153220Z,FLR_M01569521,Day 14,2026-04-15T153220Z,69,18,18,True
FLR_M01569521__Day 14__2026-04-15T153501Z,FLR_M01569521,Day 14,2026-04-15T153501Z,69,14,14,True
FLR_M01569521__Day 14__2026-04-15T153647Z,FLR_M01569521,Day 14,2026-04-15T153647Z,65,8,8,True
FLR_M01569521__Day 14__2026-04-15T153742Z,FLR_M01569521,Day 14,2026-04-15T153742Z,65,9,9,True
FLR_M01569521__Day 14__2026-04-15T153909Z,FLR_M01569521,Day 14,2026-04-15T153909Z,65,15,15,True
FLR_M01569521__Day 14__2026-04-15T154403Z,FLR_M01569521,Day 14,2026-04-15T154403Z,65,16,16,True
FLR_M01569521__Day 14__2026-04-15T154919Z,FLR_M01569521,Day 14,2026-04-15T154919Z,65,22,22,True
FLR_M01569521__Day 14__2026-04-15T155631Z,FLR_M01569521,Day 14,2026-04-15T155631Z,65,10,10,True
FLR_M01569521__Day 2__2026-03-27T19-21-42,FLR_M01569521,Day 2,2026-03-27T19-21-42,43,11,11,True
FLR_M01569521__Day 2__2026-03-27T19-43-08,FLR_M01569521,Day 2,2026-03-27T19-43-08,41,11,11,True
FLR_M01569521__Day 2__2026-03-27T19-52-12,FLR_M01569521,Day 2,2026-03-27T19-52-12,41,30,30,True
FLR_M01569521__Day 3__2026-03-30T13-52-35,FLR_M01569521,Day 3,2026-03-30T13-52-35,101,101,101,True
FLR_M01569521__Day 3__2026-03-30T14-06-24,FLR_M01569521,Day 3,2026-03-30T14-06-24,101,25,25,True
FLR_M01569521__Day 3__2026-03-30T14-10-06,FLR_M01569521,Day 3,2026-03-30T14-10-06,101,22,22,True
FLR_M01569521__Day 3__2026-03-30T14-13-52,FLR_M01569521,Day 3,2026-03-30T14-13-52,101,11,11,True
FLR_M01569521__Day 3__2026-03-30T14-16-19,FLR_M01569521,Day 3,2026-03-30T14-16-19,101,10,10,True
FLR_M01569521__Day 3__2026-03-30T14-18-47,FLR_M01569521,Day 3,2026-03-30T14-18-47,101,14,14,True
FLR_M01569521__Day 3__2026-03-30T14-22-45,FLR_M01569521,Day 3,2026-03-30T14-22-45,101,20,20,True
FLR_M01569521__Day 4__2026-03-31T16-30-24,FLR_M01569521,Day 4,2026-03-31T16-30-24,208,19,19,True
FLR_M01569521__Day 4__2026-03-31T16-37-00,FLR_M01569521,Day 4,2026-03-31T16-37-00,208,16,16,True
FLR_M01569521__Day 4__2026-03-31T16-40-43,FLR_M01569521,Day 4,2026-03-31T16-40-43,208,16,16,True
FLR_M01569521__Day 4__2026-03-31T16-45-41,FLR_M01569521,Day 4,2026-03-31T16-45-41,191,50,50,True
FLR_M01569521__Day 5__2026-04-01T11-20-09,FLR_M01569521,Day 5,2026-04-01T11-20-09,81,19,19,True
FLR_M01569521__Day 5__2026-04-01T11-27-57,FLR_M01569521,Day 5,2026-04-01T11-27-57,66,15,15,True
FLR_M01569521__Day 6__2026-04-02T15-41-02,FLR_M01569521,Day 6,2026-04-02T15-41-02,136,121,121,True
FLR_M01569521__Day 7__2026-04-03T17-57-29,FLR_M01569521,Day 7,2026-04-03T17-57-29,136,125,125,True
FLR_M01569521__Day 7__2026-04-03T18-20-03,FLR_M01569521,Day 7,2026-04-03T18-20-03,127,23,23,True
FLR_M01569521__Day 8__2026-04-04T16-32-08,FLR_M01569521,Day 8,2026-04-04T16-32-08,136,54,54,True
FLR_M01569521__Day 8__2026-04-04T16-48-07,FLR_M01569521,Day 8,2026-04-04T16-48-07,136,12,12,True
FLR_M01569521__Day 8__2026-04-04T17-13-17,FLR_M01569521,Day 8,2026-04-04T17-13-17,136,48,48,True
FLR_M01569521__Day 9__2026-04-05T17-00-10,FLR_M01569521,Day 9,2026-04-05T17-00-10,136,49,49,True
FLR_M01569521__Day 9__2026-04-05T17-11-25,FLR_M01569521,Day 9,2026-04-05T17-11-25,87,47,47,True
FLR_M01569521__Day 9__2026-04-05T17-21-44,FLR_M01569521,Day 9,2026-04-05T17-21-44,87,48,48,True
FLR_M01569521__Day_11__2026-04-08T16-14-45,FLR_M01569521,Day_11,2026-04-08T16-14-45,65,10,10,True
FLR_M01569521__Day_11__2026-04-08T16-17-38,FLR_M01569521,Day_11,2026-04-08T16-17-38,65,10,10,True
FL_M01569519__Day 1__2026-03-26T17-07-21,FL_M01569519,Day 1,2026-03-26T17-07-21,31,8,8,True
FL_M01569519__Day 1__2026-03-26T17-42-43,FL_M01569519,Day 1,2026-03-26T17-42-43,31,5,5,True
FL_M01569519__Day 1__2026-03-26T17-44-27,FL_M01569519,Day 1,2026-03-26T17-44-27,31,1,1,True
FL_M01569519__Day 1__2026-03-26T17-44-48,FL_M01569519,Day 1,2026-03-26T17-44-48,31,7,7,True
FL_M01569519__Day 1__2026-03-26T17-46-41,FL_M01569519,Day 1,2026-03-26T17-46-41,31,2,2,True
FL_M01569519__Day 1__2026-03-26T17-47-09,FL_M01569519,Day 1,2026-03-26T17-47-09,31,8,8,True
FL_M01569519__Day 1__2026-03-26T17-49-27,FL_M01569519,Day 1,2026-03-26T17-49-27,21,21,21,True
FL_M01569519__Day 10__2026-04-07T15-37-16,FL_M01569519,Day 10,2026-04-07T15-37-16,136,39,39,True
FL_M01569519__Day 10__2026-04-07T15-42-19,FL_M01569519,Day 10,2026-04-07T15-42-19,136,17,17,True
FL_M01569519__Day 10__2026-04-07T15-44-08,FL_M01569519,Day 10,2026-04-07T15-44-08,87,17,17,True
FL_M01569519__Day 10__2026-04-07T15-46-34,FL_M01569519,Day 10,2026-04-07T15-46-34,114,19,19,True
FL_M01569519__Day 10__2026-04-07T15-50-37,FL_M01569519,Day 10,2026-04-07T15-50-37,92,21,21,True
FL_M01569519__Day 10__2026-04-07T15-53-26,FL_M01569519,Day 10,2026-04-07T15-53-26,110,27,27,True
FL_M01569519__Day 10__2026-04-07T15-57-41,FL_M01569519,Day 10,2026-04-07T15-57-41,41,17,17,True
FL_M01569519__Day 11__2026-04-08T16-41-55,FL_M01569519,Day 11,2026-04-08T16-41-55,133,46,46,True
FL_M01569519__Day 11__2026-04-08T16-54-15,FL_M01569519,Day 11,2026-04-08T16-54-15,124,56,56,True
FL_M01569519__Day 11__2026-04-08T17-04-57,FL_M01569519,Day 11,2026-04-08T17-04-57,92,48,48,True
FL_M01569519__Day 11__2026-04-08T17-14-27,FL_M01569519,Day 11,2026-04-08T17-14-27,65,27,27,True
FL_M01569519__Day 12__2026-04-10T13-51-41,FL_M01569519,Day 12,2026-04-10T13-51-41,200,21,21,True
FL_M01569519__Day 12__2026-04-10T13-54-39,FL_M01569519,Day 12,2026-04-10T13-54-39,182,16,16,True
FL_M01569519__Day 12__2026-04-10T13-56-42,FL_M01569519,Day 12,2026-04-10T13-56-42,156,13,13,True
FL_M01569519__Day 12__2026-04-10T13-58-58,FL_M01569519,Day 12,2026-04-10T13-58-58,65,15,15,True
FL_M01569519__Day 12__2026-04-10T14-00-45,FL_M01569519,Day 12,2026-04-10T14-00-45,65,41,41,True
FL_M01569519__Day 12__2026-04-10T14-10-09,FL_M01569519,Day 12,2026-04-10T14-10-09,65,35,35,True
FL_M01569519__Day 13__2026-04-11T15-48-16,FL_M01569519,Day 13,2026-04-11T15-48-16,132,62,62,True
FL_M01569519__Day 13__2026-04-11T16-08-00,FL_M01569519,Day 13,2026-04-11T16-08-00,98,30,30,True
FL_M01569519__Day 13__2026-04-11T16-12-36,FL_M01569519,Day 13,2026-04-11T16-12-36,65,11,11,True
FL_M01569519__Day 13__2026-04-11T16-14-06,FL_M01569519,Day 13,2026-04-11T16-14-06,65,14,14,True
FL_M01569519__Day 13__2026-04-11T16-16-22,FL_M01569519,Day 13,2026-04-11T16-16-22,65,14,14,True
FL_M01569519__Day 13__2026-04-11T16-19-18,FL_M01569519,Day 13,2026-04-11T16-19-18,65,10,10,True
FL_M01569519__Day 14__2026-04-15T164616Z,FL_M01569519,Day 14,2026-04-15T164616Z,110,31,31,True
FL_M01569519__Day 14__2026-04-15T164919Z,FL_M01569519,Day 14,2026-04-15T164919Z,65,11,11,True
FL_M01569519__Day 14__2026-04-15T165021Z,FL_M01569519,Day 14,2026-04-15T165021Z,65,10,10,True
FL_M01569519__Day 14__2026-04-15T165127Z,FL_M01569519,Day 14,2026-04-15T165127Z,65,8,8,True
FL_M01569519__Day 14__2026-04-15T165317Z,FL_M01569519,Day 14,2026-04-15T165317Z,69,12,12,True
FL_M01569519__Day 14__2026-04-15T165516Z,FL_M01569519,Day 14,2026-04-15T165516Z,67,11,11,True
FL_M01569519__Day 14__2026-04-15T165647Z,FL_M01569519,Day 14,2026-04-15T165647Z,65,9,9,True
FL_M01569519__Day 14__2026-04-15T165747Z,FL_M01569519,Day 14,2026-04-15T165747Z,65,9,9,True
FL_M01569519__Day 14__2026-04-15T165854Z,FL_M01569519,Day 14,2026-04-15T165854Z,65,11,11,True
FL_M01569519__Day 14__2026-04-15T170053Z,FL_M01569519,Day 14,2026-04-15T170053Z,65,5,5,True
FL_M01569519__Day 14__2026-04-15T170159Z,FL_M01569519,Day 14,2026-04-15T170159Z,65,11,11,True
FL_M01569519__Day 14__2026-04-15T170445Z,FL_M01569519,Day 14,2026-04-15T170445Z,65,9,9,True
FL_M01569519__Day 14__2026-04-15T171017Z,FL_M01569519,Day 14,2026-04-15T171017Z,65,5,5,True
FL_M01569519__Day 14__2026-04-15T171257Z,FL_M01569519,Day 14,2026-04-15T171257Z,68,13,13,True
FL_M01569519__Day 15__2026-04-17T130533Z,FL_M01569519,Day 15,2026-04-17T130533Z,112,33,33,True
FL_M01569519__Day 15__2026-04-17T131110Z,FL_M01569519,Day 15,2026-04-17T131110Z,92,12,12,True
FL_M01569519__Day 15__2026-04-17T131331Z,FL_M01569519,Day 15,2026-04-17T131331Z,92,8,8,True
FL_M01569519__Day 15__2026-04-17T131433Z,FL_M01569519,Day 15,2026-04-17T131433Z,92,15,15,True
FL_M01569519__Day 15__2026-04-17T131737Z,FL_M01569519,Day 15,2026-04-17T131737Z,92,7,7,True
FL_M01569519__Day 15__2026-04-17T131855Z,FL_M01569519,Day 15,2026-04-17T131855Z,92,23,23,True
FL_M01569519__Day 15__2026-04-17T132612Z,FL_M01569519,Day 15,2026-04-17T132612Z,92,21,21,True
FL_M01569519__Day 15__2026-04-17T133419Z,FL_M01569519,Day 15,2026-04-17T133419Z,92,6,6,True
FL_M01569519__Day 2__2026-03-27T21-54-21,FL_M01569519,Day 2,2026-03-27T21-54-21,46,35,35,True
FL_M01569519__Day 2__2026-03-27T22-16-41,FL_M01569519,Day 2,2026-03-27T22-16-41,41,41,41,True
FL_M01569519__Day 2__2026-03-27T22-31-15,FL_M01569519,Day 2,2026-03-27T22-31-15,41,41,41,True
FL_M01569519__Day 3__2026-03-30T14-46-22,FL_M01569519,Day 3,2026-03-30T14-46-22,101,101,101,True
FL_M01569519__Day 3__2026-03-30T15-06-49,FL_M01569519,Day 3,2026-03-30T15-06-49,101,2,2,True
FL_M01569519__Day 3__2026-03-30T15-07-14,FL_M01569519,Day 3,2026-03-30T15-07-14,101,49,49,True
FL_M01569519__Day 3__2026-03-30T15-15-09,FL_M01569519,Day 3,2026-03-30T15-15-09,101,53,53,True
FL_M01569519__Day 4__2026-03-31T15-03-23,FL_M01569519,Day 4,2026-03-31T15-03-23,190,26,26,True
FL_M01569519__Day 4__2026-03-31T15-07-59,FL_M01569519,Day 4,2026-03-31T15-07-59,190,21,21,True
FL_M01569519__Day 4__2026-03-31T15-14-18,FL_M01569519,Day 4,2026-03-31T15-14-18,190,21,21,True
FL_M01569519__Day 4__2026-03-31T15-24-11,FL_M01569519,Day 4,2026-03-31T15-24-11,190,19,19,True
FL_M01569519__Day 5__2026-04-01T11-42-29,FL_M01569519,Day 5,2026-04-01T11-42-29,81,33,33,True
FL_M01569519__Day 6__2026-04-02T14-52-49,FL_M01569519,Day 6,2026-04-02T14-52-49,136,135,135,True
FL_M01569519__Day 7__2026-04-03T17-13-37,FL_M01569519,Day 7,2026-04-03T17-13-37,136,136,136,True
FL_M01569519__Day 7__2026-04-03T17-35-47,FL_M01569519,Day 7,2026-04-03T17-35-47,136,6,6,True
FL_M01569519__Day 7__2026-04-03T17-37-01,FL_M01569519,Day 7,2026-04-03T17-37-01,127,27,27,True
FL_M01569519__Day 8__2026-04-04T15-42-56,FL_M01569519,Day 8,2026-04-04T15-42-56,136,31,31,True
FL_M01569519__Day 8__2026-04-04T15-50-41,FL_M01569519,Day 8,2026-04-04T15-50-41,127,29,29,True
FL_M01569519__Day 8__2026-04-04T16-03-39,FL_M01569519,Day 8,2026-04-04T16-03-39,127,11,11,True
FL_M01569519__Day 8__2026-04-04T16-06-07,FL_M01569519,Day 8,2026-04-04T16-06-07,127,33,33,True
FL_M01569519__Day 9__2026-04-05T16-12-36,FL_M01569519,Day 9,2026-04-05T16-12-36,136,62,62,True
FL_M01569519__Day 9__2026-04-05T16-24-20,FL_M01569519,Day 9,2026-04-05T16-24-20,127,115,115,True
FL_M01569519__Day 9__2026-04-05T16-42-56,FL_M01569519,Day 9,2026-04-05T16-42-56,116,20,20,True
FL_M01569519__Day_11__2026-04-08T17-14-27,FL_M01569519,Day_11,2026-04-08T17-14-27,65,27,27,True
FbR_M01569522__Day 01__2026-03-26T13-29-40,FbR_M01569522,Day 01,2026-03-26T13-29-40,20,20,20,True
FbR_M01569522__Day 01__2026-03-26T13-56-31,FbR_M01569522,Day 01,2026-03-26T13-56-31,11,11,11,True
FbR_M01569522__Day 10__2026-04-07T17-00-58,FbR_M01569522,Day 10,2026-04-07T17-00-58,136,24,24,True
FbR_M01569522__Day 10__2026-04-07T17-03-56,FbR_M01569522,Day 10,2026-04-07T17-03-56,87,18,18,True
FbR_M01569522__Day 10__2026-04-07T17-06-42,FbR_M01569522,Day 10,2026-04-07T17-06-42,92,37,37,True
FbR_M01569522__Day 10__2026-04-07T17-11-32,FbR_M01569522,Day 10,2026-04-07T17-11-32,110,23,23,True
FbR_M01569522__Day 10__2026-04-07T17-14-36,FbR_M01569522,Day 10,2026-04-07T17-14-36,41,12,12,True
FbR_M01569522__Day 10__2026-04-07T17-16-03,FbR_M01569522,Day 10,2026-04-07T17-16-03,41,30,30,True
FbR_M01569522__Day 10__2026-04-07T17-22-56,FbR_M01569522,Day 10,2026-04-07T17-22-56,41,19,19,True
FbR_M01569522__Day 10__2026-04-07T17-27-09,FbR_M01569522,Day 10,2026-04-07T17-27-09,41,11,11,True
FbR_M01569522__Day 11__2026-04-08T14-44-51,FbR_M01569522,Day 11,2026-04-08T14-44-51,200,26,26,True
FbR_M01569522__Day 11__2026-04-08T14-49-52,FbR_M01569522,Day 11,2026-04-08T14-49-52,182,28,28,True
FbR_M01569522__Day 11__2026-04-08T14-53-51,FbR_M01569522,Day 11,2026-04-08T14-53-51,65,15,15,True
FbR_M01569522__Day 11__2026-04-08T14-55-57,FbR_M01569522,Day 11,2026-04-08T14-55-57,65,16,16,True
FbR_M01569522__Day 11__2026-04-08T14-58-54,FbR_M01569522,Day 11,2026-04-08T14-58-54,65,21,21,True
FbR_M01569522__Day 11__2026-04-08T15-03-02,FbR_M01569522,Day 11,2026-04-08T15-03-02,65,21,21,True
FbR_M01569522__Day 11__2026-04-08T15-10-06,FbR_M01569522,Day 11,2026-04-08T15-10-06,65,14,14,True
FbR_M01569522__Day 11__2026-04-08T15-13-20,FbR_M01569522,Day 11,2026-04-08T15-13-20,65,22,22,True
FbR_M01569522__Day 12__2026-04-10T15-25-11,FbR_M01569522,Day 12,2026-04-10T15-25-11,200,33,33,True
FbR_M01569522__Day 12__2026-04-10T15-29-54,FbR_M01569522,Day 12,2026-04-10T15-29-54,156,18,18,True
FbR_M01569522__Day 12__2026-04-10T15-32-19,FbR_M01569522,Day 12,2026-04-10T15-32-19,65,28,28,True
FbR_M01569522__Day 12__2026-04-10T15-35-56,FbR_M01569522,Day 12,2026-04-10T15-35-56,65,5,5,True
FbR_M01569522__Day 12__2026-04-10T15-37-20,FbR_M01569522,Day 12,2026-04-10T15-37-20,65,27,27,True
FbR_M01569522__Day 12__2026-04-10T15-42-37,FbR_M01569522,Day 12,2026-04-10T15-42-37,65,16,16,True
FbR_M01569522__Day 12__2026-04-10T15-45-28,FbR_M01569522,Day 12,2026-04-10T15-45-28,65,11,11,True
FbR_M01569522__Day 12__2026-04-10T15-49-32,FbR_M01569522,Day 12,2026-04-10T15-49-32,65,18,18,True
FbR_M01569522__Day 12__2026-04-10T15-56-40,FbR_M01569522,Day 12,2026-04-10T15-56-40,65,20,20,True
FbR_M01569522__Day 13__2026-04-11T17-20-50,FbR_M01569522,Day 13,2026-04-11T17-20-50,132,73,73,True
FbR_M01569522__Day 13__2026-04-11T17-36-04,FbR_M01569522,Day 13,2026-04-11T17-36-04,132,21,21,True
FbR_M01569522__Day 13__2026-04-11T17-38-26,FbR_M01569522,Day 13,2026-04-11T17-38-26,65,14,14,True
FbR_M01569522__Day 13__2026-04-11T17-39-56,FbR_M01569522,Day 13,2026-04-11T17-39-56,65,16,16,True
FbR_M01569522__Day 13__2026-04-11T17-41-44,FbR_M01569522,Day 13,2026-04-11T17-41-44,65,13,13,True
FbR_M01569522__Day 13__2026-04-11T17-43-18,FbR_M01569522,Day 13,2026-04-11T17-43-18,65,8,8,True
FbR_M01569522__Day 13__2026-04-11T17-44-17,FbR_M01569522,Day 13,2026-04-11T17-44-17,65,15,15,True
FbR_M01569522__Day 14__2026-04-15T142518Z,FbR_M01569522,Day 14,2026-04-15T142518Z,195,28,28,True
FbR_M01569522__Day 14__2026-04-15T142834Z,FbR_M01569522,Day 14,2026-04-15T142834Z,65,31,31,True
FbR_M01569522__Day 14__2026-04-15T143309Z,FbR_M01569522,Day 14,2026-04-15T143309Z,65,23,23,True
FbR_M01569522__Day 14__2026-04-15T143546Z,FbR_M01569522,Day 14,2026-04-15T143546Z,65,13,13,True
FbR_M01569522__Day 14__2026-04-15T143712Z,FbR_M01569522,Day 14,2026-04-15T143712Z,65,20,20,True
FbR_M01569522__Day 14__2026-04-15T143911Z,FbR_M01569522,Day 14,2026-04-15T143911Z,65,28,28,True
FbR_M01569522__Day 14__2026-04-15T144714Z,FbR_M01569522,Day 14,2026-04-15T144714Z,72,36,36,True
FbR_M01569522__Day 14__2026-04-15T145751Z,FbR_M01569522,Day 14,2026-04-15T145751Z,163,3,3,True
FbR_M01569522__Day 14__2026-04-15T145921Z,FbR_M01569522,Day 14,2026-04-15T145921Z,163,31,31,True
FbR_M01569522__Day 14__2026-04-15T150415Z,FbR_M01569522,Day 14,2026-04-15T150415Z,65,30,30,True
FbR_M01569522__Day 2__2026-03-27T20-25-04,FbR_M01569522,Day 2,2026-03-27T20-25-04,43,28,28,True
FbR_M01569522__Day 2__2026-03-27T20-49-34,FbR_M01569522,Day 2,2026-03-27T20-49-34,41,27,27,True
FbR_M01569522__Day 2__2026-03-27T21-10-14,FbR_M01569522,Day 2,2026-03-27T21-10-14,41,25,25,True
FbR_M01569522__Day 3__2026-03-30T12-15-27,FbR_M01569522,Day 3,2026-03-30T12-15-27,21,21,21,True
FbR_M01569522__Day 3__2026-03-30T12-19-33,FbR_M01569522,Day 3,2026-03-30T12-19-33,101,74,74,True
FbR_M01569522__Day 3__2026-03-30T12-26-43,FbR_M01569522,Day 3,2026-03-30T12-26-43,101,32,32,True
FbR_M01569522__Day 3__2026-03-30T12-29-42,FbR_M01569522,Day 3,2026-03-30T12-29-42,101,30,30,True
FbR_M01569522__Day 3__2026-03-30T12-32-35,FbR_M01569522,Day 3,2026-03-30T12-32-35,101,32,32,True
FbR_M01569522__Day 3__2026-03-30T12-35-31,FbR_M01569522,Day 3,2026-03-30T12-35-31,101,56,56,True
FbR_M01569522__Day 3__2026-03-30T12-41-35,FbR_M01569522,Day 3,2026-03-30T12-41-35,101,20,20,True
FbR_M01569522__Day 3__2026-03-30T12-44-31,FbR_M01569522,Day 3,2026-03-30T12-44-31,101,10,10,True
FbR_M01569522__Day 3__2026-03-30T12-47-42,FbR_M01569522,Day 3,2026-03-30T12-47-42,101,9,9,True
FbR_M01569522__Day 3__2026-03-30T12-50-11,FbR_M01569522,Day 3,2026-03-30T12-50-11,101,15,15,True
FbR_M01569522__Day 3__2026-03-30T12-54-35,FbR_M01569522,Day 3,2026-03-30T12-54-35,101,10,10,True
FbR_M01569522__Day 4__2026-03-31T15-43-16,FbR_M01569522,Day 4,2026-03-31T15-43-16,208,42,42,True
FbR_M01569522__Day 4__2026-03-31T15-55-22,FbR_M01569522,Day 4,2026-03-31T15-55-22,191,5,5,True
FbR_M01569522__Day 4__2026-03-31T15-56-47,FbR_M01569522,Day 4,2026-03-31T15-56-47,191,14,14,True
FbR_M01569522__Day 4__2026-03-31T16-02-05,FbR_M01569522,Day 4,2026-03-31T16-02-05,191,37,37,True
FbR_M01569522__Day 4__2026-03-31T16-13-07,FbR_M01569522,Day 4,2026-03-31T16-13-07,191,11,11,True
FbR_M01569522__Day 5__2026-04-01T14-24-39,FbR_M01569522,Day 5,2026-04-01T14-24-39,81,41,41,True
FbR_M01569522__Day 6__2026-04-02T14-13-58,FbR_M01569522,Day 6,2026-04-02T14-13-58,136,4,4,True
FbR_M01569522__Day 6__2026-04-02T14-15-12,FbR_M01569522,Day 6,2026-04-02T14-15-12,136,115,115,True
FbR_M01569522__Day 7__2026-04-03T18-54-23,FbR_M01569522,Day 7,2026-04-03T18-54-23,136,136,136,True
FbR_M01569522__Day 7__2026-04-03T19-18-57,FbR_M01569522,Day 7,2026-04-03T19-18-57,127,29,29,True
FbR_M01569522__Day 8__2026-04-04T17-33-02,FbR_M01569522,Day 8,2026-04-04T17-33-02,136,32,32,True
FbR_M01569522__Day 8__2026-04-04T17-37-22,FbR_M01569522,Day 8,2026-04-04T17-37-22,127,20,20,True
FbR_M01569522__Day 8__2026-04-04T17-39-43,FbR_M01569522,Day 8,2026-04-04T17-39-43,127,33,33,True
FbR_M01569522__Day 8__2026-04-04T17-44-51,FbR_M01569522,Day 8,2026-04-04T17-44-51,127,57,57,True
FbR_M01569522__Day 8__2026-04-04T17-54-08,FbR_M01569522,Day 8,2026-04-04T17-54-08,87,54,54,True
FbR_M01569522__Day 8__2026-04-04T18-02-02,FbR_M01569522,Day 8,2026-04-04T18-02-02,87,19,19,True
FbR_M01569522__Day 9__2026-04-05T17-43-32,FbR_M01569522,Day 9,2026-04-05T17-43-32,136,19,19,True
FbR_M01569522__Day 9__2026-04-05T17-46-12,FbR_M01569522,Day 9,2026-04-05T17-46-12,87,31,31,True
FbR_M01569522__Day 9__2026-04-05T17-51-44,FbR_M01569522,Day 9,2026-04-05T17-51-44,115,15,15,True
FbR_M01569522__Day 9__2026-04-05T17-53-54,FbR_M01569522,Day 9,2026-04-05T17-53-54,115,21,21,True
FbR_M01569522__Day 9__2026-04-05T17-56-29,FbR_M01569522,Day 9,2026-04-05T17-56-29,110,42,42,True
FbR_M01569522__Day 9__2026-04-05T18-04-01,FbR_M01569522,Day 9,2026-04-05T18-04-01,110,35,35,True
FbR_M01569522__Day_11__2026-04-08T14-53-51,FbR_M01569522,Day_11,2026-04-08T14-53-51,65,15,15,True
FbR_M01569522__Day_11__2026-04-08T14-55-57,FbR_M01569522,Day_11,2026-04-08T14-55-57,65,16,16,True
FbR_M01569522__Day_11__2026-04-08T14-58-54,FbR_M01569522,Day_11,2026-04-08T14-58-54,65,21,21,True
FbR_M01569522__Day_11__2026-04-08T15-03-02,FbR_M01569522,Day_11,2026-04-08T15-03-02,65,21,21,True
FbR_M01569522__Day_11__2026-04-08T15-10-06,FbR_M01569522,Day_11,2026-04-08T15-10-06,65,14,14,True
FbR_M01569522__Day_11__2026-04-08T15-13-20,FbR_M01569522,Day_11,2026-04-08T15-13-20,65,22,22,True
MR_M01569515__Day 1__2026-03-26T21-14-58,MR_M01569515,Day 1,2026-03-26T21-14-58,31,31,31,True
MR_M01569515__Day 10__2026-04-07T14-32-07,MR_M01569515,Day 10,2026-04-07T14-32-07,136,22,22,True
MR_M01569515__Day 10__2026-04-07T14-37-09,MR_M01569515,Day 10,2026-04-07T14-37-09,127,57,57,True
MR_M01569515__Day 10__2026-04-07T14-50-21,MR_M01569515,Day 10,2026-04-07T14-50-21,87,31,31,True
MR_M01569515__Day 10__2026-04-07T14-56-41,MR_M01569515,Day 10,2026-04-07T14-56-41,114,37,37,True
MR_M01569515__Day 10__2026-04-07T15-05-35,MR_M01569515,Day 10,2026-04-07T15-05-35,110,6,6,True
MR_M01569515__Day 11__2026-04-08T13-29-39,MR_M01569515,Day 11,2026-04-08T13-29-39,134,56,56,True
MR_M01569515__Day 11__2026-04-08T13-43-17,MR_M01569515,Day 11,2026-04-08T13-43-17,92,21,21,True
MR_M01569515__Day 11__2026-04-08T13-46-57,MR_M01569515,Day 11,2026-04-08T13-46-57,65,25,25,True
MR_M01569515__Day 11__2026-04-08T13-53-18,MR_M01569515,Day 11,2026-04-08T13-53-18,65,16,16,True
MR_M01569515__Day 12__2026-04-10T11-58-55,MR_M01569515,Day 12,2026-04-10T11-58-55,200,27,27,True
MR_M01569515__Day 12__2026-04-10T12-04-45,MR_M01569515,Day 12,2026-04-10T12-04-45,156,34,34,True
MR_M01569515__Day 12__2026-04-10T12-10-04,MR_M01569515,Day 12,2026-04-10T12-10-04,65,40,40,True
MR_M01569515__Day 12__2026-04-10T12-20-06,MR_M01569515,Day 12,2026-04-10T12-20-06,65,36,36,True
MR_M01569515__Day 12__2026-04-10T12-30-25,MR_M01569515,Day 12,2026-04-10T12-30-25,65,28,28,True
MR_M01569515__Day 12__2026-04-10T12-38-01,MR_M01569515,Day 12,2026-04-10T12-38-01,65,16,16,True
MR_M01569515__Day 13__2026-04-11T14-49-34,MR_M01569515,Day 13,2026-04-11T14-49-34,132,44,44,True
MR_M01569515__Day 13__2026-04-11T14-59-55,MR_M01569515,Day 13,2026-04-11T14-59-55,92,12,12,True
MR_M01569515__Day 13__2026-04-11T15-01-55,MR_M01569515,Day 13,2026-04-11T15-01-55,65,1,1,True
MR_M01569515__Day 13__2026-04-11T15-04-11,MR_M01569515,Day 13,2026-04-11T15-04-11,65,16,16,True
MR_M01569515__Day 13__2026-04-11T15-07-45,MR_M01569515,Day 13,2026-04-11T15-07-45,65,7,7,True
MR_M01569515__Day 15__2026-04-15T125331Z,MR_M01569515,Day 15,2026-04-15T125331Z,131,30,30,True
MR_M01569515__Day 15__2026-04-15T125808Z,MR_M01569515,Day 15,2026-04-15T125808Z,65,2,2,True
MR_M01569515__Day 15__2026-04-15T125822Z,MR_M01569515,Day 15,2026-04-15T125822Z,65,6,6,True
MR_M01569515__Day 15__2026-04-15T125920Z,MR_M01569515,Day 15,2026-04-15T125920Z,65,12,12,True
MR_M01569515__Day 15__2026-04-15T130037Z,MR_M01569515,Day 15,2026-04-15T130037Z,65,9,9,True
MR_M01569515__Day 15__2026-04-15T130154Z,MR_M01569515,Day 15,2026-04-15T130154Z,65,18,18,True
MR_M01569515__Day 15__2026-04-15T130800Z,MR_M01569515,Day 15,2026-04-15T130800Z,70,17,17,True
MR_M01569515__Day 15__2026-04-15T131124Z,MR_M01569515,Day 15,2026-04-15T131124Z,70,2,2,True
MR_M01569515__Day 15__2026-04-15T131146Z,MR_M01569515,Day 15,2026-04-15T131146Z,70,11,11,True
MR_M01569515__Day 15__2026-04-15T131351Z,MR_M01569515,Day 15,2026-04-15T131351Z,65,9,9,True
MR_M01569515__Day 15__2026-04-15T131519Z,MR_M01569515,Day 15,2026-04-15T131519Z,65,7,7,True
MR_M01569515__Day 15__2026-04-15T131641Z,MR_M01569515,Day 15,2026-04-15T131641Z,65,18,18,True
MR_M01569515__Day 15__2026-04-15T132425Z,MR_M01569515,Day 15,2026-04-15T132425Z,65,10,10,True
MR_M01569515__Day 2__2026-03-27T15-07-56,MR_M01569515,Day 2,2026-03-27T15-07-56,30,30,30,True
MR_M01569515__Day 2__2026-03-27T15-44-01,MR_M01569515,Day 2,2026-03-27T15-44-01,20,10,10,True
MR_M01569515__Day 2__2026-03-27T15-52-12,MR_M01569515,Day 2,2026-03-27T15-52-12,10,10,10,True
MR_M01569515__Day 2__2026-03-27T16-02-47,MR_M01569515,Day 2,2026-03-27T16-02-47,10,10,10,True
MR_M01569515__Day 3__2026-03-30T17-53-06,MR_M01569515,Day 3,2026-03-30T17-53-06,201,186,186,True
MR_M01569515__Day 3__2026-03-30T18-16-14,MR_M01569515,Day 3,2026-03-30T18-16-14,201,41,41,True
MR_M01569515__Day 3__2026-03-30T18-20-51,MR_M01569515,Day 3,2026-03-30T18-20-51,201,16,16,True
MR_M01569515__Day 3__2026-03-30T18-23-30,MR_M01569515,Day 3,2026-03-30T18-23-30,201,48,48,True
MR_M01569515__Day 3__2026-03-30T18-32-44,MR_M01569515,Day 3,2026-03-30T18-32-44,201,21,21,True
MR_M01569515__Day 3__2026-03-30T18-40-43,MR_M01569515,Day 3,2026-03-30T18-40-43,201,11,11,True
MR_M01569515__Day 4__2026-03-31T11-13-17,MR_M01569515,Day 4,2026-03-31T11-13-17,208,28,28,True
MR_M01569515__Day 4__2026-03-31T11-21-48,MR_M01569515,Day 4,2026-03-31T11-21-48,191,13,13,True
MR_M01569515__Day 4__2026-03-31T11-27-57,MR_M01569515,Day 4,2026-03-31T11-27-57,191,29,29,True
MR_M01569515__Day 5__2026-04-01T17-39-27,MR_M01569515,Day 5,2026-04-01T17-39-27,81,24,24,True
MR_M01569515__Day 6__2026-04-02T12-43-07,MR_M01569515,Day 6,2026-04-02T12-43-07,79,79,79,True
MR_M01569515__Day 6__2026-04-02T12-58-12,MR_M01569515,Day 6,2026-04-02T12-58-12,70,40,40,True
MR_M01569515__Day 7__2026-04-03T14-39-25,MR_M01569515,Day 7,2026-04-03T14-39-25,136,62,62,True
MR_M01569515__Day 7__2026-04-03T14-48-17,MR_M01569515,Day 7,2026-04-03T14-48-17,126,25,25,True
MR_M01569515__Day 7__2026-04-03T14-54-33,MR_M01569515,Day 7,2026-04-03T14-54-33,126,13,13,True
MR_M01569515__Day 7__2026-04-03T14-58-29,MR_M01569515,Day 7,2026-04-03T14-58-29,126,9,9,True
MR_M01569515__Day 7__2026-04-03T15-00-16,MR_M01569515,Day 7,2026-04-03T15-00-16,126,21,21,True
MR_M01569515__Day 7__2026-04-03T15-06-04,MR_M01569515,Day 7,2026-04-03T15-06-04,126,9,9,True
MR_M01569515__Day 7__2026-04-03T15-07-32,MR_M01569515,Day 7,2026-04-03T15-07-32,126,35,35,True
MR_M01569515__Day 7__2026-04-03T15-15-16,MR_M01569515,Day 7,2026-04-03T15-15-16,126,3,3,True
MR_M01569515__Day 8__2026-04-04T13-32-22,MR_M01569515,Day 8,2026-04-04T13-32-22,136,136,136,True
MR_M01569515__Day 9__2026-04-05T14-53-49,MR_M01569515,Day 9,2026-04-05T14-53-49,136,61,61,True
MR_M01569515__Day 9__2026-04-05T15-08-02,MR_M01569515,Day 9,2026-04-05T15-08-02,136,25,25,True
MR_M01569515__Day 9__2026-04-05T15-11-26,MR_M01569515,Day 9,2026-04-05T15-11-26,87,44,44,True
MR_M01569515__Day 9__2026-04-05T15-22-53,MR_M01569515,Day 9,2026-04-05T15-22-53,116,20,20,True
MR_M01569515__Day 9__2026-04-05T15-26-15,MR_M01569515,Day 9,2026-04-05T15-26-15,116,8,8,True
MR_M01569515__Day_11__2026-04-08T13-46-57,MR_M01569515,Day_11,2026-04-08T13-46-57,65,25,25,True
MR_M01569515__Day_11__2026-04-08T13-53-18,MR_M01569515,Day_11,2026-04-08T13-53-18,65,16,16,True
MbL_M01569517__Day_11__2026-04-08T13-00-27,MbL_M01569517,Day_11,2026-04-08T13-00-27,1,1,1,True
MbL_M01569517__Day_11__2026-04-08T13-01-43,MbL_M01569517,Day_11,2026-04-08T13-01-43,41,33,33,True
MbL_M01569517__Day_11__2026-04-08T13-06-11,MbL_M01569517,Day_11,2026-04-08T13-06-11,65,19,19,True
